Workbook

Sheet 2024年
A1: 6月数据
A2: 地区 | B2: 202312计费 | C2: 202312高速计费 | D2: 202312非高速计费 | E2: 202312等效计费 | F2: 202405用户数到达 | G2: 202406用户数到达 | H2: 202406计费 | I2: 202406高速计费 | J2: 202406非高速计费 | K2: 202406等效计费 | L2: 202406等效计费净增 | M2: 202406计费率 | N2: 202406已激活 | O2: 202406活跃用户 | P2: 202406活跃率 | Q2: 202406离网用户 | R2: 202406离网率
A3: 衢州 | B3: 901972 | C3: 21711 | D3: =B3-C3 -> 880261 | E3: =C3+D3/8 -> 131743.62 | F3: 3494843 | G3: 3847227 | H3: 884208 | I3: 10792 | J3: =H3-I3 -> 873416 | K3: =I3+J3/8 -> 119969 | L3: =K3-E3 -> -11774.625 | M3: =H3/G3 -> 0.22982995 | N3: 1522006 | O3: 538627 | P3: =O3/N3 -> 0.35389282 | Q3: 61770 | R3: =Q3/F3 -> 0.017674614
A4: 杭州 | B4: 10722588 | C4: 566586 | D4: =B4-C4 -> 10156002 | E4: =C4+D4/8 -> 1836086.2 | F4: 32881848 | G4: 33761672 | H4: 10498032 | I4: 743283 | J4: =H4-I4 -> 9754749 | K4: =I4+J4/8 -> 1962626.6 | L4: =K4-E4 -> 126540.38 | M4: =H4/G4 -> 0.31094526 | N4: 12103096 | O4: 6546168 | P4: =O4/N4 -> 0.54086723 | Q4: 245796 | R4: =Q4/F4 -> 0.0074751273
A5: 湖州 | B5: 2013821 | C5: 51111 | D5: =B5-C5 -> 1962710 | E5: =C5+D5/8 -> 296449.75 | F5: 7179633 | G5: 7156377 | H5: 3254185 | I5: 25876 | J5: =H5-I5 -> 3228309 | K5: =I5+J5/8 -> 429414.62 | L5: =K5-E5 -> 132964.88 | M5: =H5/G5 -> 0.45472521 | N5: 5155226 | O5: 1837302 | P5: =O5/N5 -> 0.35639601 | Q5: 99439 | R5: =Q5/F5 -> 0.013850151
A6: 嘉兴 | B6: 1786753 | C6: 17230 | D6: =B6-C6 -> 1769523 | E6: =C6+D6/8 -> 238420.38 | F6: 7658271 | G6: 8018419 | H6: 2055811 | I6: 37544 | J6: =H6-I6 -> 2018267 | K6: =I6+J6/8 -> 289827.38 | L6: =K6-E6 -> 51407 | M6: =H6/G6 -> 0.25638608 | N6: 5381346 | O6: 1108054 | P6: =O6/N6 -> 0.20590648 | Q6: 101740 | R6: =Q6/F6 -> 0.013284983
A7: 宁波 | B7: 4586610 | C7: 76827 | D7: =B7-C7 -> 4509783 | E7: =C7+D7/8 -> 640549.88 | F7: 19618386 | G7: 19803060 | H7: 6306012 | I7: 94803 | J7: =H7-I7 -> 6211209 | K7: =I7+J7/8 -> 871204.12 | L7: =K7-E7 -> 230654.25 | M7: =H7/G7 -> 0.31843624 | N7: 11456678 | O7: 4210302 | P7: =O7/N7 -> 0.36749763 | Q7: 138966 | R7: =Q7/F7 -> 0.0070834573
A8: 绍兴 | B8: 760323 | C8: 5400 | D8: =B8-C8 -> 754923 | E8: =C8+D8/8 -> 99765.375 | F8: 8723460 | G8: 8508880 | H8: 1053467 | I8: 35009 | J8: =H8-I8 -> 1018458 | K8: =I8+J8/8 -> 162316.25 | L8: =K8-E8 -> 62550.875 | M8: =H8/G8 -> 0.12380795 | N8: 4282415 | O8: 514553 | P8: =O8/N8 -> 0.12015487 | Q8: 232776 | R8: =Q8/F8 -> 0.026683908
A9: 台州 | B9: 3880521 | C9: 18998 | D9: =B9-C9 -> 3861523 | E9: =C9+D9/8 -> 501688.38 | F9: 13329253 | G9: 13479266 | H9: 3347822 | I9: 41821 | J9: =H9-I9 -> 3306001 | K9: =I9+J9/8 -> 455071.12 | L9: =K9-E9 -> -46617.25 | M9: =H9/G9 -> 0.24836827 | N9: 7203563 | O9: 1963545 | P9: =O9/N9 -> 0.27257969 | Q9: 121028 | R9: =Q9/F9 -> 0.0090798787
A10: 温州 | B10: 9944813 | C10: 56982 | D10: =B10-C10 -> 9887831 | E10: =C10+D10/8 -> 1292960.9 | F10: 25857294 | G10: 25757211 | H10: 10768159 | I10: 63338 | J10: =H10-I10 -> 10704821 | K10: =I10+J10/8 -> 1401440.6 | L10: =K10-E10 -> 108479.75 | M10: =H10/G10 -> 0.41806386 | N10: 14548546 | O10: 6890780 | P10: =O10/N10 -> 0.47364046 | Q10: 173182 | R10: =Q10/F10 -> 0.0066976073
A11: 丽水 | B11: 850721 | C11: 6857 | D11: =B11-C11 -> 843864 | E11: =C11+D11/8 -> 112340 | F11: 3260198 | G11: 3416953 | H11: 1140743 | I11: 20735 | J11: =H11-I11 -> 1120008 | K11: =I11+J11/8 -> 160736 | L11: =K11-E11 -> 48396 | M11: =H11/G11 -> 0.33384802 | N11: 1920116 | O11: 734176 | P11: =O11/N11 -> 0.38236023 | Q11: 15437 | R11: =Q11/F11 -> 0.0047349885
A12: 金华 | B12: 5226483 | C12: 102036 | D12: =B12-C12 -> 5124447 | E12: =C12+D12/8 -> 742591.88 | F12: 13863242 | G12: 14132241 | H12: 6756439 | I12: 61070 | J12: =H12-I12 -> 6695369 | K12: =I12+J12/8 -> 897991.12 | L12: =K12-E12 -> 155399.25 | M12: =H12/G12 -> 0.47808688 | N12: 9260743 | O12: 3501263 | P12: =O12/N12 -> 0.37807582 | Q12: 51233 | R12: =Q12/F12 -> 0.0036956002
A13: 舟山 | B13: 334922 | C13: 4596 | D13: =B13-C13 -> 330326 | E13: =C13+D13/8 -> 45886.75 | F13: 2573373 | G13: 2568405 | H13: 312815 | I13: 12565 | J13: =H13-I13 -> 300250 | K13: =I13+J13/8 -> 50096.25 | L13: =K13-E13 -> 4209.5 | M13: =H13/G13 -> 0.12179349 | N13: 946237 | O13: 129421 | P13: =O13/N13 -> 0.1367744 | Q13: 6874 | R13: =Q13/F13 -> 0.0026712023
A14: 全省 | B14: =SUM(B3:B13) -> 41009527 | C14: =SUM(C3:C13) -> 928334 | D14: =SUM(D3:D13) -> 40081193 | E14: =SUM(E3:E13) -> 5938483.1 | F14: =SUM(F3:F13) -> 138439801 | G14: =SUM(G3:G13) -> 140449711 | H14: =SUM(H3:H13) -> 46377693 | I14: =SUM(I3:I13) -> 1146836 | ... L14: =SUM(L3:L13) -> 862210 | M14: =H14/G14 -> 0.33020853 | N14: =SUM(N3:N13) -> 73779972 | O14: =SUM(O3:O13) -> 27974191 | P14: =O14/N14 -> 0.37915698 | Q14: =SUM(Q3:Q13) -> 1248241 | R14: =Q14/F14 -> 0.0090164894
A15: 7月数据
A16: 地区 | G16: 202407用户数到达 | H16: 202407计费 | I16: 202407高速计费 | J16: 202407非高速计费 | K16: 202407等效计费 | L16: 202407等效计费净增 | M16: 202407计费率 | N16: 202407已激活 | O16: 202407活跃用户 | P16: 202407活跃率 | Q16: 202407离网用户 | R16: 202407离网率
A17: 衢州 | G17: 3964469 | H17: 904781 | I17: 11600 | J17: =H17-I17 -> 893181 | K17: =I17+J17/8 -> 123247.62 | L17: =K17-E3 -> -8496 | M17: =H17/G17 -> 0.22822249 | N17: 1543713 | O17: 591375 | P17: =O17/N17 -> 0.3830861 | Q17: 20620 | R17: =Q17/G3 -> 0.0053597045
A18: 杭州 | G18: 33715848 | H18: 10813182 | I18: 908786 | J18: =H18-I18 -> 9904396 | K18: =I18+J18/8 -> 2146835.5 | L18: =K18-E4 -> 310749.25 | M18: =H18/G18 -> 0.32071511 | N18: 12468972 | O18: 6836802 | P18: =O18/N18 -> 0.54830519 | Q18: 405163 | R18: =Q18/G4 -> 0.012000679
A19: 湖州 | G19: 7149460 | H19: 3228307 | I19: 26328 | J19: =H19-I19 -> 3201979 | K19: =I19+J19/8 -> 426575.38 | L19: =K19-E5 -> 130125.62 | M19: =H19/G19 -> 0.45154557 | N19: 5034711 | O19: 1899526 | P19: =O19/N19 -> 0.37728601 | Q19: 35912 | R19: =Q19/G5 -> 0.0050181817
A20: 嘉兴 | G20: 8197898 | H20: 1942829 | I20: 37429 | J20: =H20-I20 -> 1905400 | K20: =I20+J20/8 -> 275604 | L20: =K20-E6 -> 37183.625 | M20: =H20/G20 -> 0.23699112 | N20: 5070966 | O20: 1141910 | P20: =O20/N20 -> 0.22518589 | Q20: 14667 | R20: =Q20/G6 -> 0.0018291636
A21: 宁波 | G21: 19810678 | H21: 6368564 | I21: 95602 | J21: =H21-I21 -> 6272962 | K21: =I21+J21/8 -> 879722.25 | L21: =K21-E7 -> 239172.38 | M21: =H21/G21 -> 0.32147128 | N21: 11893000 | O21: 4288324 | P21: =O21/N21 -> 0.36057546 | Q21: 44368 | R21: =Q21/G7 -> 0.0022404618
A22: 绍兴 | G22: 9088503 | H22: 1402885 | I22: 36139 | J22: =H22-I22 -> 1366746 | K22: =I22+J22/8 -> 206982.25 | L22: =K22-E8 -> 107216.88 | M22: =H22/G22 -> 0.1543582 | N22: 4174482 | O22: 521910 | P22: =O22/N22 -> 0.1250239 | Q22: 45197 | R22: =Q22/G8 -> 0.0053117449
A23: 台州 | G23: 13513583 | H23: 3418444 | I23: 44251 | J23: =H23-I23 -> 3374193 | K23: =I23+J23/8 -> 466025.12 | L23: =K23-E9 -> -35663.25 | M23: =H23/G23 -> 0.25296356 | N23: 7168501 | O23: 2007339 | P23: =O23/N23 -> 0.28002214 | Q23: 82759 | R23: =Q23/G9 -> 0.006139726
A24: 温州 | G24: 25612264 | H24: 9789847 | I24: 64626 | J24: =H24-I24 -> 9725221 | K24: =I24+J24/8 -> 1280278.6 | L24: =K24-E10 -> -12682.25 | M24: =H24/G24 -> 0.38223279 | N24: 14477236 | O24: 7031532 | P24: =O24/N24 -> 0.48569575 | Q24: 384295 | R24: =Q24/G10 -> 0.0149199
A25: 丽水 | G25: 3417092 | H25: 1171748 | I25: 20164 | J25: =H25-I25 -> 1151584 | K25: =I25+J25/8 -> 164112 | L25: =K25-E11 -> 51772 | M25: =H25/G25 -> 0.34290795 | N25: 1913143 | O25: 780010 | P25: =O25/N25 -> 0.40771129 | Q25: 2522 | R25: =Q25/G11 -> 0.00073808449
A26: 金华 | G26: 14419155 | H26: 7050750 | I26: 99749 | J26: =H26-I26 -> 6951001 | K26: =I26+J26/8 -> 968624.12 | L26: =K26-E12 -> 226032.25 | M26: =H26/G26 -> 0.48898496 | N26: 9367613 | O26: 3646344 | P26: =O26/N26 -> 0.38925007 | Q26: 31741 | R26: =Q26/G12 -> 0.0022459991
A27: 舟山 | G27: 2617227 | H27: 298860 | I27: 6528 | J27: =H27-I27 -> 292332 | K27: =I27+J27/8 -> 43069.5 | L27: =K27-E13 -> -2817.25 | M27: =H27/G27 -> 0.11418956 | N27: 945698 | O27: 126176 | P27: =O27/N27 -> 0.13342103 | Q27: 2099 | R27: =Q27/G13 -> 0.00081723871
A28: 全省 | G28: =SUM(G17:G27) -> 141506177 | H28: =SUM(H17:H27) -> 46390197 | I28: =SUM(I17:I27) -> 1351202 | J28: =SUM(J17:J27) -> 45038995 | K28: =SUM(K17:K27) -> 6981076.4 | L28: =SUM(L17:L27) -> 1042593.2 | M28: =H28/G28 -> 0.3278316 | N28: =SUM(N17:N27) -> 74058035 | O28: =SUM(O17:O27) -> 28871248 | P28: =O28/N28 -> 0.38984626 | Q28: =SUM(Q17:Q27) -> 1069343 | R28: =Q28/G14 -> 0.0076137074
A29: 8月数据
A30: 地区 | G30: 202408用户数到达 | H30: 202408计费 | I30: 202408高速计费 | J30: 202408非高速计费 | K30: 202408等效计费 | L30: 202408等效计费净增 | M30: 202408计费率 | N30: 202408已激活 | O30: 202408活跃用户 | P30: 202408活跃率 | Q30: 202408离网用户 | R30: 202408离网率
A31: 衢州 | G31: 4001016 | H31: 914998 | I31: 11661 | J31: =H31-I31 -> 903337 | K31: =I31+J31/8 -> 124578.12 | L31: =K31-E3 -> -7165.5 | M31: =H31/G31 -> 0.22869141 | N31: 1545831 | O31: 599944 | P31: =O31/N31 -> 0.38810452 | Q31: 72509 | R31: =Q31/G17 -> 0.018289713
A32: 杭州 | G32: 33888398 | H32: 10998775 | I32: 871306 | J32: =H32-I32 -> 10127469 | K32: =I32+J32/8 -> 2137239.6 | L32: =K32-E4 -> 301153.38 | M32: =H32/G32 -> 0.32455872 | N32: 12597781 | O32: 6949141 | P32: =O32/N32 -> 0.55161627 | Q32: 121064 | R32: =Q32/G18 -> 0.003590715
A33: 湖州 | G33: 7155021 | H33: 3240764 | I33: 26197 | J33: =H33-I33 -> 3214567 | K33: =I33+J33/8 -> 428017.88 | L33: =K33-E5 -> 131568.12 | M33: =H33/G33 -> 0.45293564 | N33: 5018587 | O33: 1972337 | P33: =O33/N33 -> 0.39300644 | Q33: 29991 | R33: =Q33/G19 -> 0.0041948623
A34: 嘉兴 | G34: 8485939 | H34: 2378087 | I34: 37808 | J34: =H34-I34 -> 2340279 | K34: =I34+J34/8 -> 330342.88 | L34: =K34-E6 -> 91922.5 | M34: =H34/G34 -> 0.28023852 | N34: 5489787 | O34: 1205626 | P34: =O34/N34 -> 0.21961253 | Q34: 4441 | R34: =Q34/G20 -> 0.00054172423
A35: 宁波 | G35: 19830048 | H35: 6421976 | I35: 96921 | J35: =H35-I35 -> 6325055 | K35: =I35+J35/8 -> 887552.88 | L35: =K35-E7 -> 247003 | M35: =H35/G35 -> 0.32385075 | N35: 12167045 | O35: 4321405 | P35: =O35/N35 -> 0.35517293 | Q35: 47712 | R35: =Q35/G21 -> 0.0024083981
A36: 绍兴 | G36: 9132199 | H36: 1242364 | I36: 35386 | J36: =H36-I36 -> 1206978 | K36: =I36+J36/8 -> 186258.25 | L36: =K36-E8 -> 86492.875 | M36: =H36/G36 -> 0.13604215 | N36: 4201924 | O36: 523424 | P36: =O36/N36 -> 0.1245677 | Q36: 50159 | R36: =Q36/G22 -> 0.0055189507
A37: 台州 | G37: 13567443 | H37: 3459367 | I37: 43528 | J37: =H37-I37 -> 3415839 | K37: =I37+J37/8 -> 470507.88 | L37: =K37-E9 -> -31180.5 | M37: =H37/G37 -> 0.25497561 | N37: 7328909 | O37: 2006946 | P37: =O37/N37 -> 0.27383967 | Q37: 60169 | R37: =Q37/G23 -> 0.0044524831
A38: 温州 | G38: 25349492 | H38: 10825223 | I38: 67825 | J38: =H38-I38 -> 10757398 | K38: =I38+J38/8 -> 1412499.8 | L38: =K38-E10 -> 119538.88 | M38: =H38/G38 -> 0.42703905 | N38: 14529026 | O38: 7025177 | P38: =O38/N38 -> 0.48352704 | Q38: 324621 | R38: =Q38/G24 -> 0.012674436
A39: 丽水 | G39: 3416303 | H39: 1142236 | I39: 20186 | J39: =H39-I39 -> 1122050 | K39: =I39+J39/8 -> 160442.25 | L39: =K39-E11 -> 48102.25 | M39: =H39/G39 -> 0.33434856 | N39: 1906810 | O39: 766342 | P39: =O39/N39 -> 0.40189741 | Q39: 4132 | R39: =Q39/G25 -> 0.0012092153
A40: 金华 | G40: 14528437 | H40: 7440222 | I40: 59687 | J40: =H40-I40 -> 7380535 | K40: =I40+J40/8 -> 982253.88 | L40: =K40-E12 -> 239662 | M40: =H40/G40 -> 0.51211441 | N40: 9818246 | O40: 3689980 | P40: =O40/N40 -> 0.37582884 | Q40: 413424 | R40: =Q40/G26 -> 0.02867186
A41: 舟山 | G41: 2767714 | H41: 297214 | I41: 6307 | J41: =H41-I41 -> 290907 | K41: =I41+J41/8 -> 42670.375 | L41: =K41-E13 -> -3216.375 | M41: =H41/G41 -> 0.1073861 | N41: 1208809 | O41: 123268 | P41: =O41/N41 -> 0.10197475 | Q41: 519 | R41: =Q41/G27 -> 0.00019830148
A42: 全省 | G42: =SUM(G31:G41) -> 142122010 | H42: =SUM(H31:H41) -> 48361226 | I42: =SUM(I31:I41) -> 1276812 | J42: =SUM(J31:J41) -> 47084414 | K42: =SUM(K31:K41) -> 7162363.8 | L42: =SUM(L31:L41) -> 1223880.6 | M42: =H42/G42 -> 0.34027964 | N42: =SUM(N31:N41) -> 75812755 | O42: =SUM(O31:O41) -> 29183590 | P42: =O42/N42 -> 0.38494301 | Q42: =SUM(Q31:Q41) -> 1128741 | R42: =Q42/G28 -> 0.00797662
A43: 9月数据
A44: 地区 | G44: 202409用户数到达 | H44: 202409计费 | I44: 202409高速计费 | J44: 202409非高速计费 | K44: 202409等效计费 | L44: 202409等效计费净增 | M44: 202409计费率 | N44: 202409已激活 | O44: 202409活跃用户 | P44: 202409活跃率 | Q44: 202409离网用户 | R44: 202409离网率
A45: 衢州 | G45: 4019972 | H45: 915930 | I45: 12680 | J45: =H45-I45 -> 903250 | K45: =I45+J45/8 -> 125586.25 | L45: =K45-E3 -> -6157.375 | M45: =H45/G45 -> 0.22784487 | N45: 1655688 | O45: 653659 | P45: =O45/N45 -> 0.394796 | Q45: 45684 | R45: =Q45/G31 -> 0.0114181
A46: 杭州 | G46: 33849050 | H46: 11178746 | I46: 883059 | J46: =H46-I46 -> 10295687 | K46: =I46+J46/8 -> 2170019.9 | L46: =K46-E4 -> 333933.62 | M46: =H46/G46 -> 0.33025287 | N46: 12768665 | O46: 7117792 | P46: =O46/N46 -> 0.55744214 | Q46: 394318 | R46: =Q46/G32 -> 0.011635782
A47: 湖州 | G47: 7333159 | H47: 3437432 | I47: 28566 | J47: =H47-I47 -> 3408866 | K47: =I47+J47/8 -> 454674.25 | L47: =K47-E5 -> 158224.5 | M47: =H47/G47 -> 0.46875187 | N47: 4968826 | O47: 2076004 | P47: =O47/N47 -> 0.41780574 | Q47: 32092 | R47: =Q47/G33 -> 0.0044852419
A48: 嘉兴 | G48: 8816790 | H48: 2571538 | I48: 37120 | J48: =H48-I48 -> 2534418 | K48: =I48+J48/8 -> 353922.25 | L48: =K48-E6 -> 115501.88 | M48: =H48/G48 -> 0.29166375 | N48: 5907106 | O48: 1248191 | P48: =O48/N48 -> 0.2113033 | Q48: 35180 | R48: =Q48/G34 -> 0.0041456815
A49: 宁波 | G49: 19824305 | H49: 6452538 | I49: 98416 | J49: =H49-I49 -> 6354122 | K49: =I49+J49/8 -> 892681.25 | L49: =K49-E7 -> 252131.38 | M49: =H49/G49 -> 0.32548622 | N49: 12379956 | O49: 4382754 | P49: =O49/N49 -> 0.35402016 | Q49: 118225 | R49: =Q49/G35 -> 0.0059619119
A50: 绍兴 | G50: 9133170 | H50: 1201469 | I50: 35870 | J50: =H50-I50 -> 1165599 | K50: =I50+J50/8 -> 181569.88 | L50: =K50-E8 -> 81804.5 | M50: =H50/G50 -> 0.13155005 | N50: 4211190 | O50: 519782 | P50: =O50/N50 -> 0.12342877 | Q50: 6332 | R50: =Q50/G36 -> 0.00069337079
A51: 台州 | G51: 13632157 | H51: 3329664 | I51: 43888 | J51: =H51-I51 -> 3285776 | K51: =I51+J51/8 -> 454610 | L51: =K51-E9 -> -47078.375 | M51: =H51/G51 -> 0.24425071 | N51: 7520804 | O51: 2062242 | P51: =O51/N51 -> 0.27420499 | Q51: 44091 | R51: =Q51/G37 -> 0.0032497649
A52: 温州 | G52: 25640330 | H52: 9762628 | I52: 68752 | J52: =H52-I52 -> 9693876 | K52: =I52+J52/8 -> 1280486.5 | L52: =K52-E10 -> -12474.375 | M52: =H52/G52 -> 0.38075282 | N52: 14681733 | O52: 7027964 | P52: =O52/N52 -> 0.47868763 | Q52: 154558 | R52: =Q52/G38 -> 0.0060970847
A53: 丽水 | G53: 3411685 | H53: 1137139 | I53: 20416 | J53: =H53-I53 -> 1116723 | K53: =I53+J53/8 -> 160006.38 | L53: =K53-E11 -> 47666.375 | M53: =H53/G53 -> 0.33330715 | N53: 1864708 | O53: 752966 | P53: =O53/N53 -> 0.40379834 | Q53: 52923 | R53: =Q53/G39 -> 0.015491307
A54: 金华 | G54: 14717948 | H54: 7566682 | I54: 59905 | J54: =H54-I54 -> 7506777 | K54: =I54+J54/8 -> 998252.12 | L54: =K54-E12 -> 255660.25 | M54: =H54/G54 -> 0.51411257 | N54: 10031567 | O54: 3618711 | P54: =O54/N54 -> 0.36073238 | Q54: 189099 | R54: =Q54/G40 -> 0.013015784
A55: 舟山 | G55: 2869313 | H55: 331907 | I55: 6264 | J55: =H55-I55 -> 325643 | K55: =I55+J55/8 -> 46969.375 | L55: =K55-E13 -> 1082.625 | M55: =H55/G55 -> 0.11567473 | N55: 1795156 | O55: 121793 | P55: =O55/N55 -> 0.067845357 | Q55: 444 | R55: =Q55/G41 -> 0.0001604212
A56: 全省 | G56: =SUM(G45:G55) -> 143247879 | H56: =SUM(H45:H55) -> 47885673 | I56: =SUM(I45:I55) -> 1294936 | J56: =SUM(J45:J55) -> 46590737 | K56: =SUM(K45:K55) -> 7118778.1 | L56: =SUM(L45:L55) -> 1180295 | M56: =H56/G56 -> 0.33428539 | N56: =SUM(N45:N55) -> 77785399 | O56: =SUM(O45:O55) -> 29581858 | P56: =O56/N56 -> 0.38030091 | Q56: =SUM(Q45:Q55) -> 1072946 | R56: =Q56/G42 -> 0.007549471
A57: 10月数据
A58: 地区 | G58: 202410用户数到达 | H58: 202410计费 | I58: 202410高速计费 | J58: 202410非高速计费 | K58: 202410等效计费 | L58: 202410等效计费净增 | M58: 202410计费率 | N58: 202410已激活 | O58: 202410活跃用户 | P58: 202410活跃率 | Q58: 202410离网用户 | R58: 202410离网率
A59: 衢州 | G59: 3946269 | H59: 999996 | I59: 12777 | J59: =H59-I59 -> 987219 | K59: =I59+J59/8 -> 136179.38 | L59: =K59-E3 -> 4435.75 | M59: =H59/G59 -> 0.2534029 | N59: 1738146 | O59: 682625 | P59: =O59/N59 -> 0.39273168 | Q59: 79186 | R59: =Q59/G45 -> 0.019698147
A60: 杭州 | G60: 34042692 | H60: 11407944 | I60: 911969 | J60: =H60-I60 -> 10495975 | K60: =I60+J60/8 -> 2223965.9 | L60: =K60-E4 -> 387879.62 | M60: =H60/G60 -> 0.33510699 | N60: 12960766 | O60: 7338205 | P60: =O60/N60 -> 0.56618606 | Q60: 86055 | R60: =Q60/G46 -> 0.0025423165
A61: 湖州 | G61: 7445016 | H61: 2636976 | I61: 28665 | J61: =H61-I61 -> 2608311 | K61: =I61+J61/8 -> 354703.88 | L61: =K61-E5 -> 58254.125 | M61: =H61/G61 -> 0.35419346 | N61: 4167922 | O61: 2194093 | P61: =O61/N61 -> 0.52642372 | Q61: 104366 | R61: =Q61/G47 -> 0.014232066
A62: 嘉兴 | G62: 8862962 | H62: 2619203 | I62: 36516 | J62: =H62-I62 -> 2582687 | K62: =I62+J62/8 -> 359351.88 | L62: =K62-E6 -> 120931.5 | M62: =H62/G62 -> 0.29552231 | N62: 6036911 | O62: 1281816 | P62: =O62/N62 -> 0.21232978 | Q62: 6614 | R62: =Q62/G48 -> 0.00075015964
A63: 宁波 | G63: 19921079 | H63: 6466704 | I63: 98842 | J63: =H63-I63 -> 6367862 | K63: =I63+J63/8 -> 894824.75 | L63: =K63-E7 -> 254274.88 | M63: =H63/G63 -> 0.32461615 | N63: 13232559 | O63: 4463010 | P63: =O63/N63 -> 0.3372749 | Q63: 17583 | R63: =Q63/G49 -> 0.00088694156
A64: 绍兴 | G64: 9314868 | H64: 1155563 | I64: 35908 | J64: =H64-I64 -> 1119655 | K64: =I64+J64/8 -> 175864.88 | L64: =K64-E8 -> 76099.5 | M64: =H64/G64 -> 0.12405576 | N64: 4255715 | O64: 515953 | P64: =O64/N64 -> 0.12123768 | Q64: 21955 | R64: =Q64/G50 -> 0.0024038751
A65: 台州 | G65: 13746751 | H65: 3454075 | I65: 44480 | J65: =H65-I65 -> 3409595 | K65: =I65+J65/8 -> 470679.38 | L65: =K65-E9 -> -31009 | M65: =H65/G65 -> 0.25126483 | N65: 7772152 | O65: 2184600 | P65: =O65/N65 -> 0.28108045 | Q65: 16396 | R65: =Q65/G51 -> 0.0012027444
A66: 温州 | G66: 25626231 | H66: 9768498 | I66: 67460 | J66: =H66-I66 -> 9701038 | K66: =I66+J66/8 -> 1280089.8 | L66: =K66-E10 -> -12871.125 | M66: =H66/G66 -> 0.38119137 | N66: 14762877 | O66: 7080107 | P66: =O66/N66 -> 0.47958857 | Q66: 140099 | R66: =Q66/G52 -> 0.0054640092
A67: 丽水 | G67: 3676030 | H67: 1125157 | I67: 20700 | J67: =H67-I67 -> 1104457 | K67: =I67+J67/8 -> 158757.12 | L67: =K67-E11 -> 46417.125 | M67: =H67/G67 -> 0.30607938 | N67: 1862684 | O67: 742645 | P67: =O67/N67 -> 0.39869618 | Q67: 18552 | R67: =Q67/G53 -> 0.0054377822
A68: 金华 | G68: 14937657 | H68: 7694956 | I68: 59269 | J68: =H68-I68 -> 7635687 | K68: =I68+J68/8 -> 1013729.9 | L68: =K68-E12 -> 271138 | M68: =H68/G68 -> 0.51513808 | N68: 10389145 | O68: 3684565 | P68: =O68/N68 -> 0.35465527 | Q68: 122725 | R68: =Q68/G54 -> 0.0083384586
A69: 舟山 | G69: 2919510 | H69: 306231 | I69: 6320 | J69: =H69-I69 -> 299911 | K69: =I69+J69/8 -> 43808.875 | L69: =K69-E13 -> -2077.875 | M69: =H69/G69 -> 0.10489123 | N69: 1638063 | O69: 118762 | P69: =O69/N69 -> 0.072501485 | Q69: 1815 | R69: =Q69/G55 -> 0.0006325556
A70: 全省 | G70: =SUM(G59:G69) -> 144439065 | H70: =SUM(H59:H69) -> 47635303 | I70: =SUM(I59:I69) -> 1322906 | J70: =SUM(J59:J69) -> 46312397 | K70: =SUM(K59:K69) -> 7111955.6 | L70: =SUM(L59:L69) -> 1173472.5 | M70: =H70/G70 -> 0.32979515 | N70: =SUM(N59:N69) -> 78816940 | O70: =SUM(O59:O69) -> 30286381 | P70: =O70/N70 -> 0.38426233 | Q70: =SUM(Q59:Q69) -> 615346 | R70: =Q70/G56 -> 0.0042956727
A71: 11月数据
A72: 地区 | G72: 202411用户数到达 | H72: 202411计费 | I72: 202411高速计费 | J72: 202411非高速计费 | K72: 202411等效计费 | L72: 202411等效计费净增 | M72: 202411计费率 | N72: 202411已激活 | O72: 202411活跃用户 | P72: 202411活跃率 | Q72: 202411离网用户 | R72: 202411离网率
A73: 衢州 | G73: 4382850 | H73: 998441 | I73: 13713 | J73: =H73-I73 -> 984728 | K73: =I73+J73/8 -> 136804 | L73: =K73-E3 -> 5060.375 | M73: =H73/G73 -> 0.22780634 | N73: 1910050 | O73: 711107 | P73: =O73/N73 -> 0.37229758 | Q73: 3773 | R73: =Q73/G59 -> 0.00095609296
A74: 杭州 | G74: 35060432 | H74: 11492942 | I74: 974124 | J74: =H74-I74 -> 10518818 | K74: =I74+J74/8 -> 2288976.2 | L74: =K74-E4 -> 452890 | M74: =H74/G74 -> 0.32780378 | N74: 13074681 | O74: 7428470 | P74: =O74/N74 -> 0.56815688 | Q74: 99222 | R74: =Q74/G60 -> 0.0029146344
A75: 湖州 | G75: 7454797 | H75: 3496870 | I75: 28985 | J75: =H75-I75 -> 3467885 | K75: =I75+J75/8 -> 462470.62 | L75: =K75-E5 -> 166020.88 | M75: =H75/G75 -> 0.46907649 | N75: 5034251 | O75: 2260671 | P75: =O75/N75 -> 0.44905806 | Q75: 11612 | R75: =Q75/G61 -> 0.0015597011
A76: 嘉兴 | G76: 9194306 | H76: 2935124 | I76: 36883 | J76: =H76-I76 -> 2898241 | K76: =I76+J76/8 -> 399163.12 | L76: =K76-E6 -> 160742.75 | M76: =H76/G76 -> 0.31923279 | N76: 6397272 | O76: 1307380 | P76: =O76/N76 -> 0.20436524 | Q76: 7481 | R76: =Q76/G62 -> 0.00084407448
A77: 宁波 | G77: 19984120 | H77: 6538008 | I77: 101960 | J77: =H77-I77 -> 6436048 | K77: =I77+J77/8 -> 906466 | L77: =K77-E7 -> 265916.12 | M77: =H77/G77 -> 0.32716017 | N77: 13337625 | O77: 4518764 | P77: =O77/N77 -> 0.33879825 | Q77: 108314 | R77: =Q77/G63 -> 0.0054371553
A78: 绍兴 | G78: 9661904 | H78: 1154360 | I78: 36797 | J78: =H78-I78 -> 1117563 | K78: =I78+J78/8 -> 176492.38 | L78: =K78-E8 -> 76727 | M78: =H78/G78 -> 0.11947542 | N78: 4259569 | O78: 501571 | P78: =O78/N78 -> 0.11775158 | Q78: 9410 | R78: =Q78/G64 -> 0.0010102129
A79: 台州 | G79: 13997886 | H79: 3458725 | I79: 44138 | J79: =H79-I79 -> 3414587 | K79: =I79+J79/8 -> 470961.38 | L79: =K79-E9 -> -30727 | M79: =H79/G79 -> 0.2470891 | N79: 7936408 | O79: 2191379 | P79: =O79/N79 -> 0.27611723 | Q79: 60937 | R79: =Q79/G65 -> 0.0044328293
A80: 温州 | G80: 25678985 | H80: 10910933 | I80: 69524 | J80: =H80-I80 -> 10841409 | K80: =I80+J80/8 -> 1424700.1 | L80: =K80-E10 -> 131739.25 | M80: =H80/G80 -> 0.42489736 | N80: 14932824 | O80: 7067649 | P80: =O80/N80 -> 0.47329621 | Q80: 196388 | R80: =Q80/G66 -> 0.0076635538
A81: 丽水 | G81: 4037904 | H81: 1143340 | I81: 20902 | J81: =H81-I81 -> 1122438 | K81: =I81+J81/8 -> 161206.75 | L81: =K81-E11 -> 48866.75 | M81: =H81/G81 -> 0.28315185 | N81: 1802008 | O81: 726550 | P81: =O81/N81 -> 0.40318911 | Q81: 5661 | R81: =Q81/G67 -> 0.0015399766
A82: 金华 | G82: 15249599 | H82: 7628924 | I82: 60693 | J82: =H82-I82 -> 7568231 | K82: =I82+J82/8 -> 1006721.9 | L82: =K82-E12 -> 264130 | M82: =H82/G82 -> 0.50027047 | N82: 10706402 | O82: 3746064 | P82: =O82/N82 -> 0.34989009 | Q82: 56347 | R82: =Q82/G68 -> 0.0037721445
A83: 舟山 | G83: 2969442 | H83: 306061 | I83: 6484 | J83: =H83-I83 -> 299577 | K83: =I83+J83/8 -> 43931.125 | L83: =K83-E13 -> -1955.625 | M83: =H83/G83 -> 0.10307021 | N83: 1670394 | O83: 113517 | P83: =O83/N83 -> 0.067958218 | Q83: 521 | R83: =Q83/G69 -> 0.0001784546
A84: 全省 | G84: =SUM(G73:G83) -> 147672225 | H84: =SUM(H73:H83) -> 50063728 | I84: =SUM(I73:I83) -> 1394203 | J84: =H84-I84 -> 48669525 | K84: =I84+J84/8 -> 7477893.6 | L84: =SUM(L73:L83) -> 1539410.5 | M84: =H84/G84 -> 0.33901926 | N84: =SUM(N73:N83) -> 81061484 | O84: =SUM(O73:O83) -> 30573122 | P84: =O84/N84 -> 0.37715966 | Q84: =SUM(Q73:Q83) -> 559666 | R84: =Q84/G70 -> 0.0038747551
A85: 12月数据
A86: 地区 | G86: 202412用户数到达 | H86: 202412计费 | I86: 202412高速计费 | J86: 202412非高速计费 | K86: 202412等效计费 | L86: 202412等效计费净增 | M86: 202412计费率 | N86: 202412已激活 | O86: 202412活跃用户 | P86: 202412活跃率 | Q86: 202412离网用户 | R86: 202412离网率
A87: 衢州 | G87: 4369377 | H87: 998225 | I87: 13958 | J87: =H87-I87 -> 984267 | K87: =I87+J87/8 -> 136991.38 | L87: =K87-E3 -> 5247.75 | M87: =H87/G87 -> 0.22845934 | N87: 1916978 | O87: 750083 | P87: =O87/N87 -> 0.39128409 | Q87: 26340 | R87: =Q87/G73 -> 0.0060097882
A88: 杭州 | G88: 33882675 | H88: 11563661 | I88: 959131 | J88: =H88-I88 -> 10604530 | K88: =I88+J88/8 -> 2284697.2 | L88: =K88-E4 -> 448611 | M88: =H88/G88 -> 0.34128536 | N88: 13254016 | O88: 7728770 | P88: =O88/N88 -> 0.58312665 | Q88: 1510245 | R88: =Q88/G74 -> 0.043075482
A89: 湖州 | G89: 7463675 | H89: 3523545 | I89: 28794 | J89: =H89-I89 -> 3494751 | K89: =I89+J89/8 -> 465637.88 | L89: =K89-E5 -> 169188.12 | M89: =H89/G89 -> 0.4720925 | N89: 4694227 | O89: 2411513 | P89: =O89/N89 -> 0.51371887 | Q89: 161153 | R89: =Q89/G75 -> 0.021617356
A90: 嘉兴 | G90: 9262105 | H90: 2902443 | I90: 38746 | J90: =H90-I90 -> 2863697 | K90: =I90+J90/8 -> 396708.12 | L90: =K90-E6 -> 158287.75 | M90: =H90/G90 -> 0.31336753 | N90: 6326017 | O90: 1431128 | P90: =O90/N90 -> 0.22622892 | Q90: 77300 | R90: =Q90/G76 -> 0.0084073773
A91: 宁波 | G91: 20022474 | H91: 6530408 | I91: 105779 | J91: =H91-I91 -> 6424629 | K91: =I91+J91/8 -> 908857.62 | L91: =K91-E7 -> 268307.75 | M91: =H91/G91 -> 0.3261539 | N91: 13329358 | O91: 4637017 | P91: =O91/N91 -> 0.34788 | Q91: 163067 | R91: =Q91/G77 -> 0.0081598289
A92: 绍兴 | G92: 9703575 | H92: 1114643 | I92: 38345 | J92: =H92-I92 -> 1076298 | K92: =I92+J92/8 -> 172882.25 | L92: =K92-E8 -> 73116.875 | M92: =H92/G92 -> 0.11486931 | N92: 4388392 | O92: 495009 | P92: =O92/N92 -> 0.11279963 | Q92: 13582 | R92: =Q92/G78 -> 0.0014057271
A93: 台州 | G93: 14058978 | H93: 3183026 | I93: 45723 | J93: =H93-I93 -> 3137303 | K93: =I93+J93/8 -> 437885.88 | L93: =K93-E9 -> -63802.5 | M93: =H93/G93 -> 0.22640522 | N93: 7552070 | O93: 2234736 | P93: =O93/N93 -> 0.29591039 | Q93: 59818 | R93: =Q93/G79 -> 0.0042733596
A94: 温州 | G94: 25818295 | H94: 10012594 | I94: 72751 | J94: =H94-I94 -> 9939843 | K94: =I94+J94/8 -> 1315231.4 | L94: =K94-E10 -> 22270.5 | M94: =H94/G94 -> 0.38781004 | N94: 15244930 | O94: 7121290 | P94: =O94/N94 -> 0.46712514 | Q94: 133762 | R94: =Q94/G80 -> 0.0052090065
A95: 丽水 | G95: 4044113 | H95: 1145147 | I95: 21342 | J95: =H95-I95 -> 1123805 | K95: =I95+J95/8 -> 161817.62 | L95: =K95-E11 -> 49477.625 | M95: =H95/G95 -> 0.28316395 | N95: 1830116 | O95: 702098 | P95: =O95/N95 -> 0.38363579 | Q95: 61452 | R95: =Q95/G81 -> 0.015218787
A96: 金华 | G96: 15748418 | H96: 7871164 | I96: 61381 | J96: =H96-I96 -> 7809783 | K96: =I96+J96/8 -> 1037603.9 | L96: =K96-E12 -> 295012 | M96: =H96/G96 -> 0.49980665 | N96: 11056012 | O96: 4053539 | P96: =O96/N96 -> 0.36663663 | Q96: 19109 | R96: =Q96/G82 -> 0.0012530821
A97: 舟山 | G97: 2970142 | H97: 324109 | I97: 6605 | J97: =H97-I97 -> 317504 | K97: =I97+J97/8 -> 46293 | L97: =K97-E13 -> 406.25 | M97: =H97/G97 -> 0.10912239 | N97: 1711218 | O97: 113633 | P97: =O97/N97 -> 0.066404748 | Q97: 1738 | R97: =Q97/G83 -> 0.00058529515
A98: 全省 | G98: =SUM(G87:G97) -> 147343827 | H98: =SUM(H87:H97) -> 49168965 | I98: =SUM(I87:I97) -> 1392555 | J98: =H98-I98 -> 47776410 | K98: =I98+J98/8 -> 7364606.2 | L98: =K98-E14 -> 1426123.1 | M98: =H98/G98 -> 0.33370224 | N98: =SUM(N87:N97) -> 81303334 | O98: =SUM(O87:O97) -> 31678816 | P98: =O98/N98 -> 0.38963735 | Q98: =SUM(Q87:Q97) -> 2227566 | R98: =Q98/G84 -> 0.015084529

Sheet 2025年
A1: 1月数据
A2: 地市 | B2: 202412用户数到达 | C2: 202412计费 | D2: 202501用户数到达 | E2: 202501计费 | F2: 202501计费净增 | G2: 202501高速计费 | H2: 202501非高速计费 | I2: 202501等效计费 | J2: 202501等效计费净增 | K2: 202501计费率 | L2: 202501已激活 | M2: 202501活跃用户 | N2: 202501活跃率 | O2: 202501离网用户 | P2: 202501离网率
A3: 衢州 | B3: 4369377 | C3: 998225 | D3: 4170618 | E3: 1254627 | F3: =E3-C3 -> 256402 | G3: 13822 | H3: 1240805 | I3: =G3+H3/8 -> 168922.62 | J3: =I3-'2024年'!K87 -> 31931.25 | K3: =E3/D3 -> 0.3008252 | L3: 2491562 | M3: 729074 | N3: =M3/L3 -> 0.29261724 | O3: 221381 | P3: =O3/B3 -> 0.050666491
A4: 杭州 | B4: 33882675 | C4: 11563661 | D4: 33950995 | E4: 12125083 | F4: =E4-C4 -> 561422 | G4: 824940 | H4: 11300143 | I4: =G4+H4/8 -> 2237457.9 | J4: =I4-'2024年'!K88 -> -47239.375 | K4: =E4/D4 -> 0.35713484 | L4: 13420022 | M4: 7802279 | N4: =M4/L4 -> 0.58139092 | O4: 236005 | P4: =O4/B4 -> 0.0069653591
A5: 湖州 | B5: 7463675 | C5: 3523545 | D5: 7390030 | E5: 3899953 | F5: =E5-C5 -> 376408 | G5: 29008 | H5: 3870945 | I5: =G5+H5/8 -> 512876.12 | J5: =I5-'2024年'!K89 -> 47238.25 | K5: =E5/D5 -> 0.52773169 | L5: 5077051 | M5: 2461129 | N5: =M5/L5 -> 0.48475562 | O5: 150134 | P5: =O5/B5 -> 0.020115292
A6: 嘉兴 | B6: 9262105 | C6: 2902443 | D6: 9312584 | E6: 2958999 | F6: =E6-C6 -> 56556 | G6: 40094 | H6: 2918905 | I6: =G6+H6/8 -> 404957.12 | J6: =I6-'2024年'!K90 -> 8249 | K6: =E6/D6 -> 0.31774199 | L6: 6468628 | M6: 1446089 | N6: =M6/L6 -> 0.22355421 | O6: 26866 | P6: =O6/B6 -> 0.0029006365
A7: 宁波 | B7: 20022474 | C7: 6530408 | D7: 20051454 | E7: 6799240 | F7: =E7-C7 -> 268832 | G7: 104957 | H7: 6694283 | I7: =G7+H7/8 -> 941742.38 | J7: =I7-'2024年'!K91 -> 32884.75 | K7: =E7/D7 -> 0.33908962 | L7: 13692995 | M7: 4591653 | N7: =M7/L7 -> 0.33532861 | O7: 54992 | P7: =O7/B7 -> 0.0027465137
A8: 绍兴 | B8: 9703575 | C8: 1114643 | D8: 9656196 | E8: 1259226 | F8: =E8-C8 -> 144583 | G8: 38919 | H8: 1220307 | I8: =G8+H8/8 -> 191457.38 | J8: =I8-'2024年'!K92 -> 18575.125 | K8: =E8/D8 -> 0.13040601 | L8: 4489138 | M8: 476561 | N8: =M8/L8 -> 0.10615869 | O8: 52373 | P8: =O8/B8 -> 0.0053972891
A9: 台州 | B9: 14058978 | C9: 3183026 | D9: 13909224 | E9: 3350731 | F9: =E9-C9 -> 167705 | G9: 44708 | H9: 3306023 | I9: =G9+H9/8 -> 457960.88 | J9: =I9-'2024年'!K93 -> 20075 | K9: =E9/D9 -> 0.24089992 | L9: 7737013 | M9: 2061207 | N9: =M9/L9 -> 0.26640863 | O9: 335783 | P9: =O9/B9 -> 0.023883884
A10: 温州 | B10: 25818295 | C10: 10012594 | D10: 25656949 | E10: 10049257 | F10: =E10-C10 -> 36663 | G10: 74967 | H10: 9974290 | I10: =G10+H10/8 -> 1321753.2 | J10: =I10-'2024年'!K94 -> 6521.875 | K10: =E10/D10 -> 0.39167779 | L10: 15545490 | M10: 7018407 | N10: =M10/L10 -> 0.45147544 | O10: 185505 | P10: =O10/B10 -> 0.0071850213
A11: 丽水 | B11: 4044113 | C11: 1145147 | D11: 3936475 | E11: 1152533 | F11: =E11-C11 -> 7386 | G11: 21314 | H11: 1131219 | I11: =G11+H11/8 -> 162716.38 | J11: =I11-'2024年'!K95 -> 898.75 | K11: =E11/D11 -> 0.29278301 | L11: 1842940 | M11: 670986 | N11: =M11/L11 -> 0.36408456 | O11: 109404 | P11: =O11/B11 -> 0.027052657
A12: 金华 | B12: 15748418 | C12: 7871164 | D12: 15880080 | E12: 8276821 | F12: =E12-C12 -> 405657 | G12: 102086 | H12: 8174735 | I12: =G12+H12/8 -> 1123927.9 | J12: =I12-'2024年'!K96 -> 86324 | K12: =E12/D12 -> 0.52120776 | L12: 11593154 | M12: 3921002 | N12: =M12/L12 -> 0.33821702 | O12: 294701 | P12: =O12/B12 -> 0.018713054
A13: 舟山 | B13: 2970142 | C13: 324109 | D13: 2967715 | E13: 311005 | F13: =E13-C13 -> -13104 | G13: 6982 | H13: 304023 | I13: =G13+H13/8 -> 44984.875 | J13: =I13-'2024年'!K97 -> -1308.125 | K13: =E13/D13 -> 0.10479611 | L13: 1712570 | M13: 110900 | N13: =M13/L13 -> 0.064756477 | O13: 2782 | P13: =O13/B13 -> 0.00093665555
A14: 全省 | B14: =SUM(B3:B13) -> 147343827 | C14: =SUM(C3:C13) -> 49168965 | D14: =SUM(D3:D13) -> 146882320 | E14: =SUM(E3:E13) -> 51437475 | F14: =E14-C14 -> 2268510 | G14: =SUM(G3:G13) -> 1301797 | H14: =E14-G14 -> 50135678 | I14: =G14+H14/8 -> 7568756.8 | J14: =I14-'2024年'!K98 -> 204150.5 | K14: =E14/D14 -> 0.35019514 | L14: =SUM(L3:L13) -> 84070563 | M14: =SUM(M3:M13) -> 31289287 | N14: =M14/L14 -> 0.37217887 | O14: =SUM(O3:O13) -> 1669926 | P14: =O14/B14 -> 0.011333532
A15: 2月数据
A16: 地市 | D16: 202502用户数到达 | E16: 202502计费 | F16: 202502计费净增 | G16: 202402计费 | H16: 202502计费同比增加 | I16: 202502计费同比增加百分比 | J16: 202502计费率 | L16: 202502已激活 | M16: 202502活跃用户 | N16: 202502活跃率 | O16: 202502离网用户 | P16: 202502离网率
A17: 衢州 | D17: 4158757 | E17: 1292420 | F17: =E17-C3 -> 294195 | G17: 1099787 | H17: =E17-G17 -> 192633 | I17: =H17/G17 -> 0.17515483 | J17: =E17/D17 -> 0.31077074 | L17: 2540591 | M17: 742597 | N17: =M17/L17 -> 0.29229301 | O17: 16045 | P17: =O17/D3 -> 0.0038471517
A18: 杭州 | D18: 34097120 | E18: 12122663 | F18: =E18-C4 -> 559002 | G18: 10332891 | H18: =E18-G18 -> 1789772 | I18: =H18/G18 -> 0.17321116 | J18: =E18/D18 -> 0.35553334 | L18: 13813800 | M18: 7813429 | N18: =M18/L18 -> 0.56562488 | O18: 95548 | P18: =O18/D4 -> 0.0028142916
A19: 湖州 | D19: 7308885 | E19: 3990460 | F19: =E19-C5 -> 466915 | G19: 2630253 | H19: =E19-G19 -> 1360207 | I19: =H19/G19 -> 0.51713923 | J19: =E19/D19 -> 0.54597384 | L19: 5255145 | M19: 2421091 | N19: =M19/L19 -> 0.4607087 | O19: 144839 | P19: =O19/D5 -> 0.019599244
A20: 嘉兴 | D20: 9365958 | E20: 3227355 | F20: =E20-C6 -> 324912 | G20: 1968327 | H20: =E20-G20 -> 1259028 | I20: =H20/G20 -> 0.63964372 | J20: =E20/D20 -> 0.34458354 | L20: 6673640 | M20: 1484252 | N20: =M20/L20 -> 0.22240516 | O20: 249470 | P20: =O20/D6 -> 0.026788483
A21: 宁波 | D21: 20262655 | E21: 7125387 | F21: =E21-C7 -> 594979 | G21: 5982644 | H21: =E21-G21 -> 1142743 | I21: =H21/G21 -> 0.19100969 | J21: =E21/D21 -> 0.3516512 | L21: 13638869 | M21: 4607207 | N21: =M21/L21 -> 0.33779978 | O21: 64812 | P21: =O21/D7 -> 0.0032322843
A22: 绍兴 | D22: 9355243 | E22: 1549610 | F22: =E22-C8 -> 434967 | G22: 1297429 | H22: =E22-G22 -> 252181 | I22: =H22/G22 -> 0.19436979 | J22: =E22/D22 -> 0.16564081 | L22: 4252008 | M22: 467918 | N22: =M22/L22 -> 0.11004636 | O22: 654069 | P22: =O22/D8 -> 0.06773568
A23: 台州 | D23: 14139837 | E23: 3286553 | F23: =E23-C9 -> 103527 | G23: 3917259 | H23: =E23-G23 -> -630706 | I23: =H23/G23 -> -0.16100697 | J23: =E23/D23 -> 0.23243217 | L23: 7951843 | M23: 2002203 | N23: =M23/L23 -> 0.25179106 | O23: 10879 | P23: =O23/D9 -> 0.00078214284
A24: 温州 | D24: 25460057 | E24: 11128654 | F24: =E24-C10 -> 1116060 | G24: 10336033 | H24: =E24-G24 -> 792621 | I24: =H24/G24 -> 0.076685223 | J24: =E24/D24 -> 0.43710248 | L24: 16271013 | M24: 6979954 | N24: =M24/L24 -> 0.42898091 | O24: 225748 | P24: =O24/D10 -> 0.0087987079
A25: 丽水 | D25: 3914645 | E25: 1139904 | F25: =E25-C11 -> -5243 | G25: 948130 | H25: =E25-G25 -> 191774 | I25: =H25/G25 -> 0.20226551 | J25: =E25/D25 -> 0.29118962 | L25: 1747739 | M25: 655891 | N25: =M25/L25 -> 0.37527972 | O25: 24301 | P25: =O25/D11 -> 0.0061732896
A26: 金华 | D26: 16023317 | E26: 8402178 | F26: =E26-C12 -> 531014 | G26: 5807125 | H26: =E26-G26 -> 2595053 | I26: =H26/G26 -> 0.44687397 | J26: =E26/D26 -> 0.52437195 | L26: 11829136 | M26: 3711076 | N26: =M26/L26 -> 0.31372334 | O26: 255778 | P26: =O26/D12 -> 0.016106846
A27: 舟山 | D27: 2967160 | E27: 267797 | F27: =E27-C13 -> -56312 | G27: 331647 | H27: =E27-G27 -> -63850 | I27: =H27/G27 -> -0.19252398 | J27: =E27/D27 -> 0.090253643 | L27: 1669971 | M27: 108115 | N27: =M27/L27 -> 0.064740645 | O27: 1782 | P27: =O27/D13 -> 0.00060046197
A28: 全省 | D28: =SUM(D17:D27) -> 147053634 | E28: =SUM(E17:E27) -> 53532981 | F28: =E28-C14 -> 4364016 | G28: =SUM(G17:G27) -> 44651525 | H28: =E28-G28 -> 8881456 | I28: =H28/G28 -> 0.19890599 | J28: =E28/D28 -> 0.36403712 | L28: =SUM(L17:L27) -> 85643755 | M28: =SUM(M17:M27) -> 30993733 | N28: =M28/L28 -> 0.36189134 | O28: =SUM(O17:O27) -> 1743271 | P28: =O28/D14 -> 0.011868488
A29: 3月数据
A30: 地市 | D30: 202503用户数到达 | E30: 202503计费 | F30: 202503计费净增 | G30: 202403计费 | H30: 202503计费同比增加 | I30: 202503计费同比增加百分比 | J30: 202503计费率 | L30: 202503已激活 | M30: 202503活跃用户 | N30: 202503活跃率 | O30: 202503离网用户 | P30: 202503离网率
A31: 衢州 | D31: 3937738 | E31: 1561164 | F31: =E31-C3 -> 562939 | G31: 1109908 | H31: =E31-G31 -> 451256 | I31: =H31/G31 -> 0.40657063 | J31: =E31/D31 -> 0.39646213 | L31: 2788325 | M31: 775505 | N31: =M31/L31 -> 0.27812576 | O31: 263705 | P31: =O31/D17 -> 0.063409572
A32: 杭州 | D32: 33957175 | E32: 12557595 | F32: =E32-C4 -> 993934 | G32: 11102682 | H32: =E32-G32 -> 1454913 | I32: =H32/G32 -> 0.13104158 | J32: =E32/D32 -> 0.36980682 | L32: 14181176 | M32: 8202555 | N32: =M32/L32 -> 0.57841148 | O32: 778671 | P32: =O32/D18 -> 0.022836855
A33: 湖州 | D33: 7559664 | E33: 4128771 | F33: =E33-C5 -> 605226 | G33: 2992818 | H33: =E33-G33 -> 1135953 | I33: =H33/G33 -> 0.37955967 | J33: =E33/D33 -> 0.546158 | L33: 5492972 | M33: 2522706 | N33: =M33/L33 -> 0.45926067 | O33: 31381 | P33: =O33/D19 -> 0.0042935414
A34: 嘉兴 | D34: 8829778 | E34: 3537074 | F34: =E34-C6 -> 634631 | G34: 2189796 | H34: =E34-G34 -> 1347278 | I34: =H34/G34 -> 0.61525275 | J34: =E34/D34 -> 0.4005847 | L34: 6651168 | M34: 1667515 | N34: =M34/L34 -> 0.2507101 | O34: 600403 | P34: =O34/D20 -> 0.064104814
A35: 宁波 | D35: 20142549 | E35: 7197762 | F35: =E35-C7 -> 667354 | G35: 6522289 | H35: =E35-G35 -> 675473 | I35: =H35/G35 -> 0.10356379 | J35: =E35/D35 -> 0.35734117 | L35: 13287349 | M35: 4785577 | N35: =M35/L35 -> 0.36016041 | O35: 231556 | P35: =O35/D21 -> 0.011427723
A36: 绍兴 | D36: 9236602 | E36: 1491668 | F36: =E36-C8 -> 377025 | G36: 1363925 | H36: =E36-G36 -> 127743 | I36: =H36/G36 -> 0.093658376 | J36: =E36/D36 -> 0.16149532 | L36: 4230585 | M36: 476177 | N36: =M36/L36 -> 0.11255583 | O36: 171768 | P36: =O36/D22 -> 0.018360613
A37: 台州 | D37: 14160910 | E37: 3137927 | F37: =E37-C9 -> -45099 | G37: 3788872 | H37: =E37-G37 -> -650945 | I37: =H37/G37 -> -0.17180443 | J37: =E37/D37 -> 0.22159077 | L37: 8113508 | M37: 2080867 | N37: =M37/L37 -> 0.25646946 | O37: 331522 | P37: =O37/D23 -> 0.023445956
A38: 温州 | D38: 25105581 | E38: 11083469 | F38: =E38-C10 -> 1070875 | G38: 10740766 | H38: =E38-G38 -> 342703 | I38: =H38/G38 -> 0.031906756 | J38: =E38/D38 -> 0.44147431 | L38: 16330761 | M38: 7185923 | N38: =M38/L38 -> 0.44002377 | O38: 608238 | P38: =O38/D24 -> 0.023889892
A39: 丽水 | D39: 3895070 | E39: 1141694 | F39: =E39-C11 -> -3453 | G39: 998785 | H39: =E39-G39 -> 142909 | I39: =H39/G39 -> 0.14308285 | J39: =E39/D39 -> 0.29311258 | L39: 1745069 | M39: 656032 | N39: =M39/L39 -> 0.37593471 | O39: 22655 | P39: =O39/D25 -> 0.0057872425
A40: 金华 | D40: 16279144 | E40: 8643196 | F40: =E40-C12 -> 772032 | G40: 6362853 | H40: =E40-G40 -> 2280343 | I40: =H40/G40 -> 0.35838373 | J40: =E40/D40 -> 0.53093676 | L40: 12120551 | M40: 3929887 | N40: =M40/L40 -> 0.32423336 | O40: 234123 | P40: =O40/D26 -> 0.014611394
A41: 舟山 | D41: 2966048 | E41: 267573 | F41: =E41-C13 -> -56536 | G41: 335125 | H41: =E41-G41 -> -67552 | I41: =H41/G41 -> -0.20157255 | J41: =E41/D41 -> 0.090211959 | L41: 1859210 | M41: 107730 | N41: =M41/L41 -> 0.057943965 | O41: 1454 | P41: =O41/D27 -> 0.00049003087
A42: 全省 | D42: =SUM(D31:D41) -> 146070259 | E42: =SUM(E31:E41) -> 54747893 | F42: =E42-C14 -> 5578928 | G42: =SUM(G31:G41) -> 47507819 | H42: =E42-G42 -> 7240074 | I42: =H42/G42 -> 0.15239752 | J42: =E42/D42 -> 0.3748052 | L42: =SUM(L31:L41) -> 86800674 | M42: =SUM(M31:M41) -> 32390474 | N42: =M42/L42 -> 0.37315925 | O42: =SUM(O31:O41) -> 3275476 | P42: =O42/D28 -> 0.022274023
A43: 4月数据
A44: 地市 | D44: 202504用户数到达 | E44: 202504计费 | F44: 202504计费净增 | G44: 202404计费 | H44: 202504计费同比增加 | I44: 202504计费同比增加百分比 | J44: 202504计费率 | L44: 202504已激活 | M44: 202504活跃用户 | N44: 202504活跃率 | O44: 202504离网用户 | P44: 202504离网率
A45: 衢州 | D45: 3808421 | E45: 1571275 | F45: =E45-C3 -> 573050 | G45: 694323 | H45: =E45-G45 -> 876952 | I45: =H45/G45 -> 1.2630318 | J45: =E45/D45 -> 0.41257912 | L45: 2766268 | M45: 809500 | N45: =M45/L45 -> 0.29263253 | O45: 135377 | P45: =O45/D31 -> 0.034379382
A46: 杭州 | D46: 30746304 | E46: 12902913 | F46: =E46-C4 -> 1339252 | G46: 10357420 | H46: =E46-G46 -> 2545493 | I46: =H46/G46 -> 0.24576516 | J46: =E46/D46 -> 0.41965737 | L46: 13968131 | M46: 8516515 | N46: =M46/L46 -> 0.60971042 | O46: 3620695 | P46: =O46/D32 -> 0.10662533
A47: 湖州 | D47: 6802367 | E47: 4188954 | F47: =E47-C5 -> 665409 | G47: 3025808 | H47: =E47-G47 -> 1163146 | I47: =H47/G47 -> 0.3844084 | J47: =E47/D47 -> 0.61580829 | L47: 5073651 | M47: 2621418 | N47: =M47/L47 -> 0.5166729 | O47: 826480 | P47: =O47/D33 -> 0.10932761
A48: 嘉兴 | D48: 8808791 | E48: 3634919 | F48: =E48-C6 -> 732476 | G48: 2024688 | H48: =E48-G48 -> 1610231 | I48: =H48/G48 -> 0.79529834 | J48: =E48/D48 -> 0.41264675 | L48: 6489659 | M48: 1837690 | N48: =M48/L48 -> 0.28317204 | O48: 530380 | P48: =O48/D34 -> 0.060067195
A49: 宁波 | D49: 18922319 | E49: 7633260 | F49: =E49-C7 -> 1102852 | G49: 6352870 | H49: =E49-G49 -> 1280390 | I49: =H49/G49 -> 0.20154513 | J49: =E49/D49 -> 0.40339982 | L49: 12027944 | M49: 4924694 | N49: =M49/L49 -> 0.40943772 | O49: 1355690 | P49: =O49/D35 -> 0.067304788
A50: 绍兴 | D50: 8390854 | E50: 1293408 | F50: =E50-C8 -> 178765 | G50: 1215533 | H50: =E50-G50 -> 77875 | I50: =H50/G50 -> 0.064066545 | J50: =E50/D50 -> 0.15414498 | L50: 3730140 | M50: 474755 | N50: =M50/L50 -> 0.12727538 | O50: 918465 | P50: =O50/D36 -> 0.099437542
A51: 台州 | D51: 12964200 | E51: 3053163 | F51: =E51-C9 -> -129863 | G51: 3507921 | H51: =E51-G51 -> -454758 | I51: =H51/G51 -> -0.12963747 | J51: =E51/D51 -> 0.23550724 | L51: 7823386 | M51: 2109907 | N51: =M51/L51 -> 0.2696923 | O51: 1321731 | P51: =O51/D37 -> 0.093336586
A52: 温州 | D52: 22179725 | E52: 11009806 | F52: =E52-C10 -> 997212 | G52: 10717427 | H52: =E52-G52 -> 292379 | I52: =H52/G52 -> 0.027280708 | J52: =E52/D52 -> 0.49639055 | L52: 14889752 | M52: 7261810 | N52: =M52/L52 -> 0.48770524 | O52: 3118955 | P52: =O52/D38 -> 0.12423353
A53: 丽水 | D53: 3408425 | E53: 1185494 | F53: =E53-C11 -> 40347 | G53: 1042046 | H53: =E53-G53 -> 143448 | I53: =H53/G53 -> 0.13765995 | J53: =E53/D53 -> 0.34781285 | L53: 1781935 | M53: 635777 | N53: =M53/L53 -> 0.35679023 | O53: 489312 | P53: =O53/D39 -> 0.12562342
A54: 金华 | D54: 15796660 | E54: 8625042 | F54: =E54-C12 -> 753878 | G54: 6440945 | H54: =E54-G54 -> 2184097 | I54: =H54/G54 -> 0.33909574 | J54: =E54/D54 -> 0.54600416 | L54: 12198791 | M54: 3839276 | N54: =M54/L54 -> 0.31472594 | O54: 771265 | P54: =O54/D40 -> 0.047377491
A55: 舟山 | D55: 2780114 | E55: 263549 | F55: =E55-C13 -> -60560 | G55: 329697 | H55: =E55-G55 -> -66148 | I55: =H55/G55 -> -0.2006327 | J55: =E55/D55 -> 0.094797911 | L55: 1532632 | M55: 106008 | N55: =M55/L55 -> 0.069167289 | O55: 186956 | P55: =O55/D41 -> 0.063032021
A56: 全省 | D56: =SUM(D45:D55) -> 134608180 | E56: =SUM(E45:E55) -> 55361783 | F56: =SUM(F45:F55) -> 6192818 | G56: =SUM(G45:G55) -> 45708678 | H56: =E56-G56 -> 9653105 | I56: =H56/G56 -> 0.21118758 | J56: =E56/D56 -> 0.41128097 | L56: =SUM(L45:L55) -> 82282289 | M56: =SUM(M45:M55) -> 33137350 | N56: =M56/L56 -> 0.40272761 | O56: =SUM(O45:O55) -> 13275306 | P56: =O56/D42 -> 0.090883018
A57: 5月数据
A58: 地市 | D58: 202505用户数到达 | E58: 202505计费 | F58: 202505计费净增 | G58: 202405计费 | H58: 202505计费同比增加 | I58: 202505计费同比增加百分比 | J58: 202505计费率 | L58: 202505已激活 | M58: 202505活跃用户 | N58: 202505活跃率 | O58: 202505离网用户 | P58: 202505离网率
A59: 衢州 | D59: 3626654 | E59: 1616433 | F59: =E59-C3 -> 618208 | G59: 732787 | H59: =E59-G59 -> 883646 | I59: =H59/G59 -> 1.2058702 | J59: =E59/D59 -> 0.44570919 | L59: 2830881 | M59: 884240 | N59: =M59/L59 -> 0.31235506 | O59: 268758 | P59: =O59/D45 -> 0.070569404
A60: 杭州 | D60: 30553840 | E60: 13262458 | F60: =E60-C4 -> 1698797 | G60: 10342500 | H60: =E60-G60 -> 2919958 | I60: =H60/G60 -> 0.28232613 | J60: =E60/D60 -> 0.43406845 | L60: 14270569 | M60: 8784113 | N60: =M60/L60 -> 0.61554049 | O60: 758164 | P60: =O60/D46 -> 0.024658704
A61: 湖州 | D61: 6827646 | E61: 4223293 | F61: =E61-C5 -> 699748 | G61: 2704051 | H61: =E61-G61 -> 1519242 | I61: =H61/G61 -> 0.56183926 | J61: =E61/D61 -> 0.6185577 | L61: 5078693 | M61: 2682413 | N61: =M61/L61 -> 0.52816994 | O61: 39572 | P61: =O61/D47 -> 0.0058173868
A62: 嘉兴 | D62: 8935561 | E62: 3750642 | F62: =E62-C6 -> 848199 | G62: 1798313 | H62: =E62-G62 -> 1952329 | I62: =H62/G62 -> 1.0856447 | J62: =E62/D62 -> 0.41974332 | L62: 6540228 | M62: 1908712 | N62: =M62/L62 -> 0.29184181 | O62: 33542 | P62: =O62/D48 -> 0.003807787
A63: 宁波 | D63: 18756631 | E63: 7265763 | F63: =E63-C7 -> 735355 | G63: 6207195 | H63: =E63-G63 -> 1058568 | I63: =H63/G63 -> 0.17053887 | J63: =E63/D63 -> 0.38737037 | L63: 12027616 | M63: 5087362 | N63: =M63/L63 -> 0.42297343 | O63: 362786 | P63: =O63/D49 -> 0.019172386
A64: 绍兴 | D64: 8183921 | E64: 1387156 | F64: =E64-C8 -> 272513 | G64: 1065339 | H64: =E64-G64 -> 321817 | I64: =H64/G64 -> 0.30207943 | J64: =E64/D64 -> 0.16949773 | L64: 3633782 | M64: 485057 | N64: =M64/L64 -> 0.13348544 | O64: 332443 | P64: =O64/D50 -> 0.039619686
A65: 台州 | D65: 12954817 | E65: 3025122 | F65: =E65-C9 -> -157904 | G65: 3271810 | H65: =E65-G65 -> -246688 | I65: =H65/G65 -> -0.075398021 | J65: =E65/D65 -> 0.23351329 | L65: 7868028 | M65: 2038963 | N65: =M65/L65 -> 0.25914537 | O65: 80306 | P65: =O65/D51 -> 0.0061944432
A66: 温州 | D66: 22178182 | E66: 10132442 | F66: =E66-C10 -> 119848 | G66: 10695571 | H66: =E66-G66 -> -563129 | I66: =H66/G66 -> -0.052650672 | J66: =E66/D66 -> 0.45686531 | L66: 14909001 | M66: 7189960 | N66: =M66/L66 -> 0.48225632 | O66: 207132 | P66: =O66/D52 -> 0.0093387993
A67: 丽水 | D67: 3386358 | E67: 1059196 | F67: =E67-C11 -> -85951 | G67: 1118973 | H67: =E67-G67 -> -59777 | I67: =H67/G67 -> -0.053421307 | J67: =E67/D67 -> 0.31278323 | L67: 1660991 | M67: 619529 | N67: =M67/L67 -> 0.37298757 | O67: 26721 | P67: =O67/D53 -> 0.0078396914
A68: 金华 | D68: 15928557 | E68: 8850902 | F68: =E68-C12 -> 979738 | G68: 6614787 | H68: =E68-G68 -> 2236115 | I68: =H68/G68 -> 0.33804792 | J68: =E68/D68 -> 0.55566251 | L68: 12160099 | M68: 3911494 | N68: =M68/L68 -> 0.3216663 | O68: 178062 | P68: =O68/D54 -> 0.01127213
A69: 舟山 | D69: 2782254 | E69: 299154 | F69: =E69-C13 -> -24955 | G69: 312824 | H69: =E69-G69 -> -13670 | I69: =H69/G69 -> -0.043698693 | J69: =E69/D69 -> 0.10752217 | L69: 1488359 | M69: 105096 | N69: =M69/L69 -> 0.070611996 | O69: 1545 | P69: =O69/D55 -> 0.00055573261
A70: 全省 | D70: =SUM(D59:D69) -> 134114421 | E70: =SUM(E59:E69) -> 54872561 | F70: =SUM(F59:F69) -> 5703596 | G70: =SUM(G59:G69) -> 44864150 | H70: =E70-G70 -> 10008411 | I70: =H70/G70 -> 0.22308259 | J70: =E70/D70 -> 0.40914736 | L70: =SUM(L59:L69) -> 82468247 | M70: =SUM(M59:M69) -> 33696939 | N70: =M70/L70 -> 0.40860501 | O70: =SUM(O59:O69) -> 2289031 | P70: =O70/D56 -> 0.01700514
A71: 6月数据
A72: 地市 | D72: 202506用户数到达 | E72: 202506计费 | F72: 202506计费净增 | G72: 202406计费 | H72: 202506计费同比增加 | I72: 202506计费同比增加百分比 | J72: 202506计费率 | L72: 202506已激活 | M72: 202506活跃用户 | N72: 202506活跃率 | O72: 202506离网用户 | P72: 202506离网率
A73: 衢州 | D73: 3150349 | E73: 1708072 | F73: =E73-C3 -> 709847 | G73: 884208 | H73: =E73-G73 -> 823864 | I73: =H73/G73 -> 0.93175361 | J73: =E73/D73 -> 0.54218501 | L73: 2475532 | M73: 976393 | N73: =M73/L73 -> 0.39441744 | O73: 582165 | P73: =O73/D59 -> 0.160524
A74: 杭州 | D74: 30475510 | E74: 13882297 | F74: =E74-C4 -> 2318636 | G74: 10498032 | H74: =E74-G74 -> 3384265 | I74: =H74/G74 -> 0.32237137 | J74: =E74/D74 -> 0.45552304 | L74: 15013801 | M74: 9126857 | N74: =M74/L74 -> 0.60789783 | O74: 523077 | P74: =O74/D60 -> 0.017119845
A75: 湖州 | D75: 6896090 | E75: 4405664 | F75: =E75-C5 -> 882119 | G75: 3254185 | H75: =E75-G75 -> 1151479 | I75: =H75/G75 -> 0.35384559 | J75: =E75/D75 -> 0.63886405 | L75: 5129804 | M75: 2751211 | N75: =M75/L75 -> 0.53631893 | O75: 38307 | P75: =O75/D61 -> 0.0056105721
A76: 嘉兴 | D76: 8768724 | E76: 4060561 | F76: =E76-C6 -> 1158118 | G76: 2055811 | H76: =E76-G76 -> 2004750 | I76: =H76/G76 -> 0.9751626 | J76: =E76/D76 -> 0.46307319 | L76: 6661804 | M76: 2061668 | N76: =M76/L76 -> 0.30947593 | O76: 395469 | P76: =O76/D62 -> 0.044257882
A77: 宁波 | D77: 16898867 | E77: 7495070 | F77: =E77-C7 -> 964662 | G77: 6306012 | H77: =E77-G77 -> 1189058 | I77: =H77/G77 -> 0.18855943 | J77: =E77/D77 -> 0.443525 | L77: 11175401 | M77: 5122252 | N77: =M77/L77 -> 0.45835062 | O77: 1988494 | P77: =O77/D63 -> 0.10601552
A78: 绍兴 | D78: 7603570 | E78: 1432439 | F78: =E78-C8 -> 317796 | G78: 1053467 | H78: =E78-G78 -> 378972 | I78: =H78/G78 -> 0.35973789 | J78: =E78/D78 -> 0.18839032 | L78: 4024421 | M78: 537311 | N78: =M78/L78 -> 0.13351262 | O78: 746911 | P78: =O78/D64 -> 0.091265666
A79: 台州 | D79: 12839260 | E79: 3440904 | F79: =E79-C9 -> 257878 | G79: 3347822 | H79: =E79-G79 -> 93082 | I79: =H79/G79 -> 0.027803748 | J79: =E79/D79 -> 0.26799862 | L79: 7636010 | M79: 2076625 | N79: =M79/L79 -> 0.27195158 | O79: 170793 | P79: =O79/D65 -> 0.013183745
A80: 温州 | D80: 21222494 | E80: 11139355 | F80: =E80-C10 -> 1126761 | G80: 10768159 | H80: =E80-G80 -> 371196 | I80: =H80/G80 -> 0.034471631 | J80: =E80/D80 -> 0.52488435 | L80: 14848844 | M80: 7155107 | N80: =M80/L80 -> 0.4818629 | O80: 1053203 | P80: =O80/D66 -> 0.047488248
A81: 丽水 | D81: 3125405 | E81: 1036625 | F81: =E81-C11 -> -108522 | G81: 1140743 | H81: =E81-G81 -> -104118 | I81: =H81/G81 -> -0.091272092 | J81: =E81/D81 -> 0.33167701 | L81: 1596246 | M81: 604898 | N81: =M81/L81 -> 0.37895036 | O81: 263887 | P81: =O81/D67 -> 0.077926492
A82: 金华 | D82: 16393251 | E82: 8555761 | F82: =E82-C12 -> 684597 | G82: 6756439 | H82: =E82-G82 -> 1799322 | I82: =H82/G82 -> 0.26631218 | J82: =E82/D82 -> 0.52190752 | L82: 12056392 | M82: 3851994 | N82: =M82/L82 -> 0.31949807 | O82: 72290 | P82: =O82/D68 -> 0.0045383898
A83: 舟山 | D83: 2717882 | E83: 290787 | F83: =E83-C13 -> -33322 | G83: 312815 | H83: =E83-G83 -> -22028 | I83: =H83/G83 -> -0.070418618 | J83: =E83/D83 -> 0.1069903 | L83: 1182169 | M83: 104864 | N83: =M83/L83 -> 0.088704745 | O83: 67984 | P83: =O83/D69 -> 0.024434865
A84: 全省 | D84: =SUM(D73:D83) -> 130091402 | E84: =SUM(E73:E83) -> 57447535 | F84: =SUM(F73:F83) -> 8278570 | G84: =SUM(G73:G83) -> 46377693 | H84: =E84-G84 -> 11069842 | I84: =H84/G84 -> 0.23868893 | J84: =E84/D84 -> 0.44159363 | L84: =SUM(L73:L83) -> 81800424 | M84: =SUM(M73:M83) -> 34369180 | N84: =M84/L84 -> 0.42015895 | O84: =SUM(O73:O83) -> 5902580 | P84: =O84/D70 -> 0.044011524
A85: 7月数据
A86: 地市 | D86: 202507用户数到达 | E86: 202507计费 | F86: 202507计费净增 | G86: 202407计费 | H86: 202507计费同比增加 | I86: 202507计费同比增加百分比 | J86: 202507计费率 | L86: 202507已激活 | M86: 202507活跃用户 | N86: 202507活跃率 | O86: 202507离网用户 | P86: 202507离网率
A87: 衢州 | D87: 3184688 | E87: 1808960 | F87: =E87-C3 -> 810735 | G87: 904781 | H87: =E87-G87 -> 904179 | I87: =H87/G87 -> 0.99933465 | J87: =E87/D87 -> 0.56801797 | L87: 2522950 | M87: 1019527 | N87: =M87/L87 -> 0.40410115 | O87: 108910 | P87: =O87/D73 -> 0.034570773
A88: 杭州 | D88: 27837007 | E88: 14278910 | F88: =E88-C4 -> 2715249 | G88: 10813182 | H88: =E88-G88 -> 3465728 | I88: =H88/G88 -> 0.32050954 | J88: =E88/D88 -> 0.51294703 | L88: 15379307 | M88: 9438021 | N88: =M88/L88 -> 0.61368311 | O88: 2919057 | P88: =O88/D74 -> 0.095783696
A89: 湖州 | D89: 6274912 | E89: 4332308 | F89: =E89-C5 -> 808763 | G89: 3228307 | H89: =E89-G89 -> 1104001 | I89: =H89/G89 -> 0.34197522 | J89: =E89/D89 -> 0.69041733 | L89: 5055911 | M89: 2859612 | N89: =M89/L89 -> 0.56559777 | O89: 709945 | P89: =O89/D75 -> 0.10294892
A90: 嘉兴 | D90: 8841522 | E90: 4358199 | F90: =E90-C6 -> 1455756 | G90: 1942829 | H90: =E90-G90 -> 2415370 | I90: =H90/G90 -> 1.2432232 | J90: =E90/D90 -> 0.49292407 | L90: 6687951 | M90: 2204603 | N90: =M90/L90 -> 0.32963803 | O90: 310811 | P90: =O90/D76 -> 0.035445408
A91: 宁波 | D91: 16782154 | E91: 7603958 | F91: =E91-C7 -> 1073550 | G91: 6368564 | H91: =E91-G91 -> 1235394 | I91: =H91/G91 -> 0.19398313 | J91: =E91/D91 -> 0.45309786 | L91: 11691757 | M91: 5191169 | N91: =M91/L91 -> 0.44400247 | O91: 375516 | P91: =O91/D77 -> 0.022221371
A92: 绍兴 | D92: 7474185 | E92: 1319663 | F92: =E92-C8 -> 205020 | G92: 1402885 | H92: =E92-G92 -> -83222 | I92: =H92/G92 -> -0.05932204 | J92: =E92/D92 -> 0.1765628 | L92: 4294493 | M92: 571857 | N92: =M92/L92 -> 0.13316054 | O92: 257441 | P92: =O92/D78 -> 0.033857911
A93: 台州 | D93: 11027829 | E93: 3230278 | F93: =E93-C9 -> 47252 | G93: 3418444 | H93: =E93-G93 -> -188166 | I93: =H93/G93 -> -0.055044342 | J93: =E93/D93 -> 0.29292057 | L93: 6983251 | M93: 2013283 | N93: =M93/L93 -> 0.28830168 | O93: 1840612 | P93: =O93/D79 -> 0.14335811
A94: 温州 | D94: 21220102 | E94: 11110285 | F94: =E94-C10 -> 1097691 | G94: 9789847 | H94: =E94-G94 -> 1320438 | I94: =H94/G94 -> 0.13487831 | J94: =E94/D94 -> 0.52357359 | L94: 14684642 | M94: 7253390 | N94: =M94/L94 -> 0.49394394 | O94: 240405 | P94: =O94/D80 -> 0.011327839
A95: 丽水 | D95: 2838388 | E95: 995036 | F95: =E95-C11 -> -150111 | G95: 1171748 | H95: =E95-G95 -> -176712 | I95: =H95/G95 -> -0.15081058 | J95: =E95/D95 -> 0.35056377 | L95: 1578661 | M95: 578986 | N95: =M95/L95 -> 0.36675765 | O95: 310918 | P95: =O95/D81 -> 0.099480867
A96: 金华 | D96: 14827112 | E96: 9037024 | F96: =E96-C12 -> 1165860 | G96: 7050750 | H96: =E96-G96 -> 1986274 | I96: =H96/G96 -> 0.28171102 | J96: =E96/D96 -> 0.6094932 | L96: 10382974 | M96: 3987542 | N96: =M96/L96 -> 0.38404623 | O96: 2224889 | P96: =O96/D82 -> 0.13571982
A97: 舟山 | D97: 2677036 | E97: 290108 | F97: =E97-C13 -> -34001 | G97: 298860 | H97: =E97-G97 -> -8752 | I97: =H97/G97 -> -0.029284615 | J97: =E97/D97 -> 0.10836911 | L97: 1417830 | M97: 106917 | N97: =M97/L97 -> 0.0754089 | O97: 45225 | P97: =O97/D83 -> 0.016639795
A98: 全省 | D98: =SUM(D87:D97) -> 122984935 | E98: =SUM(E87:E97) -> 58364729 | F98: =E98-C14 -> 9195764 | G98: =SUM(G87:G97) -> 46390197 | H98: =E98-G98 -> 11974532 | I98: =H98/G98 -> 0.25812635 | J98: =E98/D98 -> 0.47456812 | L98: =SUM(L87:L97) -> 80679727 | M98: =SUM(M87:M97) -> 35224907 | N98: =M98/L98 -> 0.43660171 | O98: =SUM(O87:O97) -> 9343729 | P98: =O98/D84 -> 0.071824339
A99: 8月数据
A100: 地市 | D100: 202508用户数到达 | E100: 202508计费 | F100: 202508计费净增 | G100: 202408计费 | H100: 202508计费同比增加 | I100: 202508计费同比增加百分比 | J100: 202508计费率 | L100: 202508已激活 | M100: 202508活跃用户 | N100: 202508活跃率 | O100: 202508离网用户 | P100: 202508离网率
...
